URL,Text,Link
https://www.berlin.de/einwanderung/service/faq/,Sperrkonto (bei Aufenthalten zum Studium oder Sprachkurs),https://www.berlin.de/einwanderung/service/faq/artikel.875073.php
https://www.berlin.de/einwanderung/service/faq/artikel.875073.php,Für das erste Jahr des Aufenthalts kann der Nachweis des gesicherten Lebensunterhalt durch die Einrichtung eines Sperrkontos erbracht werden.,
https://www.berlin.de/einwanderung/service/faq/artikel.875073.php,Auf den,
https://www.berlin.de/einwanderung/service/faq/artikel.875073.php,Internetseiten des Auswärtigen Amts,https://www.auswaertiges-amt.de/de/sperrkonto/375488
https://www.berlin.de/einwanderung/service/faq/artikel.875073.php,Internetseiten des Auswärtigen Amts,
https://www.berlin.de/einwanderung/service/faq/artikel.875073.php,finden Sie zum Sperrkonto allgemeine Informationen. (Für die Richtigkeit und Aktualität der dort veröffentlichten Informationen können wir keine Gewähr übernehmen.),
https://www.berlin.de/einwanderung/service/faq/artikel.875073.php,"Im Übrigen bestehen für Studierende und Sprachschüler noch weitere Möglichkeiten, einen gesicherten Lebensunterhalt nachzuweisen:",
https://www.berlin.de/einwanderung/service/faq/artikel.875073.php,Für eine Aufenthaltserlaubnis…,
https://www.berlin.de/einwanderung/service/faq/artikel.875073.php,zur Vorbereitung auf ein Studium,https://www.berlin.de/einwanderung/dienstleistungen/service.871055.php/dienstleistung/305156/
https://www.berlin.de/einwanderung/service/faq/artikel.875073.php,zur Vorbereitung auf ein Studium,
https://www.berlin.de/einwanderung/service/faq/artikel.875073.php,zum Studium,https://www.berlin.de/einwanderung/dienstleistungen/service.871055.php/dienstleistung/305244/
https://www.berlin.de/einwanderung/service/faq/artikel.875073.php,zum Studium,
https://www.berlin.de/einwanderung/service/faq/artikel.875073.php,zum Sprachkurs,https://www.berlin.de/einwanderung/dienstleistungen/service.871055.php/dienstleistung/324289/
https://www.berlin.de/einwanderung/service/faq/artikel.875073.php,zum Sprachkurs,
https://www.auswaertiges-amt.de/de/sperrkonto/375488,Sie befinden sich hier:,
https://www.auswaertiges-amt.de/de/sperrkonto/375488,,https://www.auswaertiges-amt.de/de
https://www.auswaertiges-amt.de/de/sperrkonto/375488,Startseite,
https://www.auswaertiges-amt.de/de/sperrkonto/375488,Einrichtung eines Sperrkontos,
https://www.auswaertiges-amt.de/de/sperrkonto/375488,Eröffnung eines Sperrkontos in Deutschland für Studierende vor der Einreise,
https://www.auswaertiges-amt.de/de/sperrkonto/375488,26.07.2024 - Artikel,
https://www.auswaertiges-amt.de/de/sperrkonto/375488,Mit einem Sperrkonto können Sie im Visumsantragsverfahren ausreichend finanzielle Mittel nachweisen.,
https://www.auswaertiges-amt.de/de/sperrkonto/375488,Bild in großer Ansicht anzeigen,
https://www.auswaertiges-amt.de/de/sperrkonto/375488,Schließen,
https://www.auswaertiges-amt.de/de/sperrkonto/375488,Euromünzen,
https://www.auswaertiges-amt.de/de/sperrkonto/375488,© colourbox.de,
https://www.auswaertiges-amt.de/de/sperrkonto/375488,"Sie können selbst wählen, wo Sie Ihr Sperrkonto einrichten möchten. Wichtig ist, dass folgende Voraussetzungen erfüllt sind:",
https://www.auswaertiges-amt.de/de/sperrkonto/375488,"Das Sperrkonto muss genügend Guthaben enthalten, um die für die Dauer des geplanten Aufenthalts in Deutschland anfallenden Kosten abzudecken, soweit nicht zusätzlich andere Finanzierungsnachweise im Visumverfahren vorgelegt werden. Dabei gelten gewisse Regelsätze, die sich an den Sätzen für deutsche Studierende orientieren. Ab dem 1. Januar 2025 beträgt der angenommene jährliche Regelbedarf, der bei Visumbeantragung auf das Sperrkonto eingezahlt sein muss 11.904 Euro.",
https://www.auswaertiges-amt.de/de/sperrkonto/375488,Das Konto darf dann nur das Abheben eines bestimmten Betrages pro Monat (für Studierende 992 Euro) zulassen.,
https://www.auswaertiges-amt.de/de/sperrkonto/375488,Die neuen Sätze greifen im Visumverfahren für Studierende nach einem Übergangszeitraum ab dem 01.09.2024.,
https://www.auswaertiges-amt.de/de/sperrkonto/375488,"Die Auflösung des Sperrkontos darf nur mit Zustimmung eines Sperrbegünstigten sein. Der Sperrbegünstigte ist entweder die Auslandsvertretung oder nach Einreise die zuständige Ausländerbehörde. Ein Sperrvermerk stellt daher nur sicher, dass immer ausreichende Mittel zur Sicherung des Lebensunterhaltes zur Verfügung stehen. Er berechtigt den Sperrbegünstigten nicht zum Zugriff auf das Sperrkonto.",
https://www.auswaertiges-amt.de/de/sperrkonto/375488,"In vielen Ländern gibt es Anbieter, die ein Sperrkonto anbieten. Daneben gibt es in Deutschland Banken, die spezielle Sperrkonten für Studierende/Sprachschülerinnen und Sprachschüler für an ihrem Sitz ansässige Bildungsinstitute anbieten.",
https://www.auswaertiges-amt.de/de/sperrkonto/375488,"Die bis Mitte 2022 eingestellte Liste der Anbieter, die nach Kenntnis des Auswärtigen Amtes deutschlandweit Sperrkonten anboten, wird zurzeit anlässlich aktueller Ereignisse überprüft.",
https://www.auswaertiges-amt.de/de/sperrkonto/375488,"Bitte beachten Sie, dass die Nennung der Sperrkontoanbieter auf der Internetseite des Auswärtigen Amts keine Empfehlung darstellte. Es wurden dort lediglich die dem Auswärtigen Amt bekannten Dienstleister, die Sperrkonten anbieten, genannt. Das Auswärtige Amt und die Sperrkontoanbieter standen und stehen dabei zu keiner Zeit in einer geschäftlichen Beziehung.",
https://www.auswaertiges-amt.de/de/sperrkonto/375488,Visum: Sicherheitsleistung auf Sperrkonto,https://www.auswaertiges-amt.de/de/search?search=Visum: Sicherheitsleistung auf Sperrkonto
https://www.berlin.de/einwanderung/dienstleistungen/service.871055.php/dienstleistung/305156/,Informationen des Auswärtigen Amts zum Sperrkonto,https://www.auswaertiges-amt.de/de/sperrkonto/375488
https://www.berlin.de/einwanderung/dienstleistungen/service.871055.php/dienstleistung/305244/,Informationen zum Sperrkonto (Auswärtiges Amt),https://www.auswaertiges-amt.de/de/sperrkonto/375488
